order_id	order_date	region	city	category	product	units_sold	unit_price	discount_pct	customer_type	payment_method	returned
1001	2026-01-05	West	Pune	Electronics	Wireless Mouse	12	799.0	5.0	Returning	UPI	FALSE
1002	2026-01-06	South	Bengaluru	Home	Desk Lamp	7	1299.0	10.0	New	Card	FALSE
1003	2026-01-08	West	Mumbai	Fashion	Backpack	9	1499.0	0.0	Returning	UPI	FALSE
1004	2026-01-10	North	Delhi	Electronics	Keyboard	5	1899.0	8.0	New	Cash	TRUE
1005	2026-01-12	West		Home	Water Bottle	18	399.0	0.0	Returning	UPI	FALSE
1006	2026-01-14	East	Kolkata	Beauty	Face Serum	11	599.0	12.0	New	Card	FALSE
1007	2026-01-16	South	Chennai	Fashion	Running Shoes	6	2799.0	15.0	Returning	UPI	FALSE
1008	2026-01-18	West	Pune	Electronics	USB-C Hub	4	2499.0	5.0	New	Card	FALSE
1009	2026-01-20	North	Jaipur	Home	Storage Box	15	499.0	0.0	Returning	Cash	FALSE
1010	2026-01-22	East	Patna	Beauty	Sunscreen	13	449.0		New	UPI	FALSE
1011	2026-01-24	South	Hyderabad	Electronics	Power Bank	8	1599.0	10.0	Returning	UPI	TRUE
1012	2026-01-27	West	Nagpur	Fashion	Travel Pouch	10	699.0	5.0	New	Card	FALSE
1013	2026-02-02	West	Pune	Home	Coffee Mug	20	249.0	0.0	Returning	UPI	FALSE
1014	2026-02-04	North	Delhi	Electronics	Bluetooth Speaker	6	2199.0	10.0	New	Card	FALSE
1015	2026-02-06	East	Kolkata	Fashion		14	899.0	5.0	Returning	Cash	FALSE
1016	2026-02-08	South	Bengaluru	Beauty	Hair Dryer	3	1999.0	8.0	New	UPI	FALSE
1017	2026-02-10	West	Mumbai	Electronics	Wireless Earbuds	9	3299.0	12.0	Returning	UPI	FALSE
1018	2026-02-12	North	Jaipur	Home	Pillow Set	8	999.0	0.0	New	Cash	FALSE
1019	2026-02-14	West	Kolhapur	Fashion	Cotton T-Shirt	16	599.0	5.0	Returning	UPI	FALSE
1020	2026-02-17	South	Chennai	Electronics	Webcam	5	1899.0	10.0	New	Card	FALSE
1021	2026-02-19	East	Patna	Beauty	Moisturizer	12		5.0	Returning	UPI	FALSE
1022	2026-02-21	West	Nagpur	Home	Desk Organizer	10	749.0	0.0	New	Cash	FALSE
1023	2026-02-23	North	Delhi	Fashion	Sports Cap	7	399.0	0.0	Returning	UPI	FALSE
1024	2026-02-25	South	Hyderabad	Electronics	Monitor Stand	4	1399.0	7.0	New	Card	FALSE
1025	2026-02-27	West	Pune	Beauty	Lip Balm	22	199.0	0.0	Returning	UPI	FALSE
1026	2026-03-02	East	Kolkata	Home	Laundry Basket	5	1199.0	10.0	New	Cash	FALSE
1027	2026-03-04	North	Jaipur	Electronics	Tablet Stand	8	899.0	5.0	Returning	UPI	FALSE
1028	2026-03-06	South	Bengaluru	Fashion	Gym Bag	6	1799.0	10.0	New	Card	FALSE
1029	2026-03-08	West	Mumbai	Beauty	Face Wash	17	349.0	5.0	Returning	UPI	FALSE
1030	2026-03-10	East	Patna	Home	Wall Clock	9	899.0	0.0	New	Cash	FALSE